{
  "hybrid_multi": {
    "accuracy": 0.9358974358974359,
    "precision": 0.9088785046728972,
    "recall": 0.9974358974358974,
    "sensitivity": 0.9974358974358974,
    "specificity": 0.8333333333333334,
    "f1_score": 0.9511002444987775,
    "confusion_matrix": [
      [
        195,
        39
      ],
      [
        1,
        389
      ]
    ],
    "true_positives": 389,
    "true_negatives": 195,
    "false_positives": 39,
    "false_negatives": 1,
    "auc_roc": 0.9943896559281175,
    "roc_curve": {
      "fpr": [
        0.0,
        0.0,
        0.0,
        0.0,
        0.0,
        0.0,
        0.0,
        0.0,
        0.0,
        0.0,
        0.0,
        0.0,
        0.0,
        0.0,
        0.0,
        0.0,
        0.0,
        0.0,
        0.0,
        0.0,
        0.0,
        0.0,
        0.0,
        0.0,
        0.0,
        0.0,
        0.0,
        0.0,
        0.0,
        0.0,
        0.0,
        0.0,
        0.0,
        0.0,
        0.0,
        0.0,
        0.0,
        0.0,
        0.0,
        0.0,
        0.0,
        0.004273504273504274,
        0.004273504273504274,
        0.008547008547008548,
        0.008547008547008548,
        0.01282051282051282,
        0.01282051282051282,
        0.017094017094017096,
        0.017094017094017096,
        0.021367521367521368,
        0.021367521367521368,
        0.02564102564102564,
        0.02564102564102564,
        0.029914529914529916,
        0.029914529914529916,
        0.03418803418803419,
        0.03418803418803419,
        0.038461538461538464,
        0.038461538461538464,
        0.04700854700854701,
        0.04700854700854701,
        0.06837606837606838,
        0.06837606837606838,
        0.08547008547008547,
        0.08547008547008547,
        0.08974358974358974,
        0.08974358974358974,
        0.09401709401709402,
        0.09401709401709402,
        0.09829059829059829,
        0.09829059829059829,
        0.10683760683760683,
        0.10683760683760683,
        0.18376068376068377,
        0.18376068376068377,
        1.0
      ],
      "tpr": [
        0.0,
        0.005128205128205128,
        0.010256410256410256,
        0.023076923076923078,
        0.03076923076923077,
        0.035897435897435895,
        0.04358974358974359,
        0.05384615384615385,
        0.06153846153846154,
        0.06666666666666667,
        0.07435897435897436,
        0.07948717948717948,
        0.08461538461538462,
        0.08974358974358974,
        0.11282051282051282,
        0.11794871794871795,
        0.12051282051282051,
        0.1282051282051282,
        0.1358974358974359,
        0.14102564102564102,
        0.16153846153846155,
        0.16666666666666666,
        0.20256410256410257,
        0.2076923076923077,
        0.21025641025641026,
        0.2153846153846154,
        0.2205128205128205,
        0.22564102564102564,
        0.2282051282051282,
        0.23333333333333334,
        0.24102564102564103,
        0.2512820512820513,
        0.35128205128205126,
        0.358974358974359,
        0.3641025641025641,
        0.36923076923076925,
        0.4,
        0.40512820512820513,
        0.5256410256410257,
        0.5307692307692308,
        0.8025641025641026,
        0.8025641025641026,
        0.8307692307692308,
        0.8307692307692308,
        0.8384615384615385,
        0.8384615384615385,
        0.8435897435897436,
        0.8435897435897436,
        0.9,
        0.9,
        0.9333333333333333,
        0.9333333333333333,
        0.9487179487179487,
        0.9487179487179487,
        0.9512820512820512,
        0.9512820512820512,
        0.9692307692307692,
        0.9692307692307692,
        0.9717948717948718,
        0.9717948717948718,
        0.9769230769230769,
        0.9769230769230769,
        0.982051282051282,
        0.982051282051282,
        0.9871794871794872,
        0.9871794871794872,
        0.9897435897435898,
        0.9897435897435898,
        0.9923076923076923,
        0.9923076923076923,
        0.9948717948717949,
        0.9948717948717949,
        0.9974358974358974,
        0.9974358974358974,
        1.0,
        1.0
      ],
      "thresholds": [
        Infinity,
        0.9999997615814209,
        0.9999996423721313,
        0.9999985694885254,
        0.9999980926513672,
        0.9999978542327881,
        0.9999977350234985,
        0.9999971389770508,
        0.9999959468841553,
        0.9999957084655762,
        0.9999948740005493,
        0.9999946355819702,
        0.999994158744812,
        0.9999940395355225,
        0.9999918937683105,
        0.9999914169311523,
        0.9999912977218628,
        0.9999909400939941,
        0.9999902248382568,
        0.9999901056289673,
        0.9999878406524658,
        0.9999877214431763,
        0.9999840259552002,
        0.9999839067459106,
        0.9999836683273315,
        0.9999834299087524,
        0.9999818801879883,
        0.9999814033508301,
        0.9999803304672241,
        0.9999802112579346,
        0.9999791383743286,
        0.99997878074646,
        0.9999442100524902,
        0.9999439716339111,
        0.9999412298202515,
        0.9999402761459351,
        0.9999310970306396,
        0.9999290704727173,
        0.9998412132263184,
        0.9998372793197632,
        0.9989257454872131,
        0.9989256262779236,
        0.9984899759292603,
        0.9984740614891052,
        0.9981503486633301,
        0.99811851978302,
        0.9978014826774597,
        0.9975535273551941,
        0.9958231449127197,
        0.9957062602043152,
        0.9929569959640503,
        0.9928800463676453,
        0.9895832538604736,
        0.989244818687439,
        0.9892347455024719,
        0.9834242463111877,
        0.9651201367378235,
        0.9633979201316833,
        0.9618695974349976,
        0.9553733468055725,
        0.9520142674446106,
        0.9283758401870728,
        0.9195047616958618,
        0.9089077711105347,
        0.9052542448043823,
        0.9020702242851257,
        0.89273601770401,
        0.8881902694702148,
        0.8845507502555847,
        0.8233449459075928,
        0.8225975632667542,
        0.8062047362327576,
        0.7573570013046265,
        0.44150441884994507,
        0.44010546803474426,
        3.6498854569799732e-06
      ]
    },
    "inference_time_ms": {
      "mean": 1.117729968451059,
      "std": 0.1282378382887216,
      "min": 0.9436124964850023,
      "max": 1.449587507522665
    }
  }
}